#,Product Categories,Product Name, Price MXN , Price USD ,Brand,Colour,Product Label,Stock,Sells,Projected Restocking,Purchase Rate
10,Consumer & Electronics,BUDS," $2,500.00 ", $134.41 ,SAMSUNG,BLUE,CESABLBUD,121,64,0,53%
7,Consumer & Electronics,HEADSET," $5,000.00 ", $268.82 ,BOSE,BLACK,CEBOBLHEA,120,117,0,98%
5,Consumer & Electronics,MONITOR," $22,000.00 "," $1,182.80 ",SAMSUNG,GREY,CESAGRMON,167,142,0,85%
18,Consumer & Electronics,MONITOR," $6,500.00 ", $349.46 ,HISENSE,GREY,CEHIGRMON,243,130,0,53%
27,Consumer & Electronics,MICROPHONE," $2,500.00 ", $134.41 ,PANASONIC,BLACK,CEPABLMIC,128,177,55.4,138%
28,Consumer & Electronics,MICROPHONE," $3,500.00 ", $188.17 ,SONY,BLACK,CESOBLMIC,239,188,0,79%
11,Consumer & Electronics,MOBILE," $22,000.00 "," $1,182.80 ",SAMSUNG,BLUE,CESABLMOB,202,17,0,8%
19,Consumer & Electronics,MONITOR," $5,000.00 ", $268.82 ,HUAWEI,GREY,CEHUGRMON,188,94,0,50%
20,Consumer & Electronics,MONITOR," $3,500.00 ", $188.17 ,LG,BLACK,CELGBLMON,114,157,48.7,138%
6,Consumer & Electronics,MP3," $4,500.00 ", $241.94 ,BOSE,BLACK,CEBOBLMP3,235,18,0,8%
1,Consumer & Electronics,SALEXA, $800.00 , $43.01 ,SONY,BLACK,CESOBLSAL,109,9,0,8%
2,Consumer & Electronics,NEST," $1,120.00 ", $60.22 ,SONY,BLACK,CESOBLNES,175,23,0,13%
4,Consumer & Electronics,RADIO," $5,000.00 ", $268.82 ,SONY,BLACK,CESOBLRAD,126,108,0,86%
13,Consumer & Electronics,RADIO," $6,500.00 ", $349.46 ,SAMSUNG,BLACK,CESABLRAD,192,173,0,90%
15,Consumer & Electronics,RADIO, $500.00 , $26.88 ,HISENSE,BLACK,CEHIBLRAD,201,48,0,24%
22,Consumer & Electronics,RADIO," $4,000.00 ", $215.05 ,LG,BLACK,CELGBLRAD,249,30,0,12%
26,Consumer & Electronics,RADIO," $2,500.00 ", $134.41 ,PANASONIC,BLACK,CEPABLRAD,58,105,49.9,181%
17,Consumer & Electronics,ROUTER," $1,500.00 ", $80.65 ,TP LINK,BLACK,CETPBLROU,129,85,0,66%
8,Consumer & Electronics,SOUND BAR," $12,000.00 ", $645.16 ,BOSE,BLACK,CEBOBLSOU,96,68,0,71%
9,Consumer & Electronics,SOUND BAR," $6,900.00 ", $370.97 ,SAMSUNG,BLACK,CESABLSOU,204,29,0,14%
16,Consumer & Electronics,SOUND BAR," $1,500.00 ", $80.65 ,HISENSE,BLACK,CEHIBLSOU,197,66,0,34%
23,Consumer & Electronics,SOUND BAR," $7,000.00 ", $376.34 ,LG,BLACK,CELGBLSOU,87,73,0,84%
25,Consumer & Electronics,SOUND BAR," $1,000.00 ", $53.76 ,PANASONIC,BLACK,CEPABLSOU,244,58,0,24%
30,Consumer & Electronics,ATV," $1,500.00 ", $80.65 ,MICROSOFT,WHITE,CEMIWHATV,116,71,0,61%
3,Consumer & Electronics,TELEVISION," $20,000.00 "," $1,075.27 ",SONY,BLACK,CESOBLTEL,159,110,0,69%
12,Consumer & Electronics,TELEVISION," $25,000.00 "," $1,344.09 ",SAMSUNG,BLACK,CESABLTEL,137,63,0,46%
14,Consumer & Electronics,TELEVISION," $4,500.00 ", $241.94 ,HISENSE,BLACK,CEHIBLTEL,204,157,0,77%
21,Consumer & Electronics,TELEVISION," $14,000.00 ", $752.69 ,LG,BLACK,CELGBLTEL,114,149,40.7,131%
24,Consumer & Electronics,TELEVISION," $15,000.00 ", $806.45 ,PANASONIC,BLACK,CEPABLTEL,126,162,42.3,129%
29,Consumer & Electronics,ROKU," $1,100.00 ", $59.14 ,MICROSOFT,BLACK,CEMIBLROK,147,155,15.35,105%
31,Drugstore,VICODIN, $799.00 , $42.96 ,PFIZER,N/A,DRPFN/VIC,181,198,26.05,109%
32,Drugstore,VIAGRA, $469.00 , $25.22 ,PFIZER,N/A,DRPFN/VIA,143,23,0,16%
33,Drugstore,GENOTROPIN," $4,071.00 ", $218.87 ,PFIZER,N/A,DRPFN/GEN,79,22,0,28%
34,Drugstore,ELIGARD," $8,049.00 ", $432.74 ,PFIZER,N/A,DRPFN/ELI,205,60,0,29%
35,Drugstore,BENEFIX," $27,316.00 "," $1,468.60 ",PFIZER,N/A,DRPFN/BEN,80,35,0,44%
36,Drugstore,MAMISAN, $500.00 , $26.88 ,PFIZER,N/A,DRPFN/MAM,176,158,0,90%
37,Drugstore,NEUROTIN," $1,096.00 ", $58.92 ,PFIZER,N/A,DRPFN/NEU,125,38,0,30%
38,Drugstore,XALKORI," $99,430.00 "," $5,345.70 ",PFIZER,N/A,DRPFN/XAL,214,152,0,71%
39,Drugstore,CELEBREX," $10,486.00 ", $563.76 ,PFIZER,N/A,DRPFN/CEL,208,93,0,45%
40,Drugstore,SIMPONI," $29,500.00 "," $1,586.02 ",PFIZER,N/A,DRPFN/SIM,70,147,80.5,210%
41,Drugstore,VICODIN, $767.04 , $41.24 ,SHERING-PLOUGH,N/A,DRSHN/VIC,75,74,0,99%
42,Drugstore,VIAGRA, $450.24 , $24.21 ,SHERING-PLOUGH,N/A,DRSHN/VIA,108,34,0,31%
43,Drugstore,GENOTROPIN," $3,908.16 ", $210.12 ,SHERING-PLOUGH,N/A,DRSHN/GEN,214,102,0,48%
44,Drugstore,ELIGARD," $7,727.04 ", $415.43 ,SHERING-PLOUGH,N/A,DRSHN/ELI,146,152,13.3,104%
45,Drugstore,BENEFIX," $26,223.36 "," $1,409.86 ",SHERING-PLOUGH,N/A,DRSHN/BEN,216,76,0,35%
46,Drugstore,MAMISAN, $480.00 , $25.81 ,SHERING-PLOUGH,N/A,DRSHN/MAM,250,67,0,27%
47,Drugstore,NEUROTIN," $1,052.16 ", $56.57 ,SHERING-PLOUGH,N/A,DRSHN/NEU,103,137,39.15,133%
48,Drugstore,XALKORI," $95,452.80 "," $5,131.87 ",SHERING-PLOUGH,N/A,DRSHN/XAL,232,133,0,57%
49,Drugstore,CELEBREX," $10,066.56 ", $541.21 ,SHERING-PLOUGH,N/A,DRSHN/CEL,153,49,0,32%
50,Drugstore,SIMPONI," $28,320.00 "," $1,522.58 ",JHONSON,N/A,DRJHN/SIM,221,151,0,68%
51,Drugstore,VICODIN, $982.77 , $52.84 ,JHONSON,N/A,DRJHN/VIC,244,190,0,78%
52,Drugstore,VIAGRA, $576.87 , $31.01 ,JHONSON,N/A,DRJHN/VIA,52,15,0,29%
53,Drugstore,GENOTROPIN," $5,007.33 ", $269.21 ,JHONSON,N/A,DRJHN/GEN,123,16,0,13%
54,Drugstore,ELIGARD," $9,900.27 ", $532.27 ,JHONSON,N/A,DRJHN/ELI,185,68,0,37%
55,Drugstore,BENEFIX," $33,598.68 "," $1,806.38 ",JHONSON,N/A,DRJHN/BEN,161,143,0,89%
56,Drugstore,MAMISAN, $615.00 , $33.06 ,JHONSON,N/A,DRJHN/MAM,195,118,0,61%
57,Drugstore,NEUROTIN," $1,348.08 ", $72.48 ,JHONSON,N/A,DRJHN/NEU,186,136,0,73%
58,Drugstore,XALKORI," $122,298.90 "," $6,575.21 ",JHONSON,N/A,DRJHN/XAL,219,82,0,37%
59,Drugstore,CELEBREX," $12,897.78 ", $693.43 ,JHONSON,N/A,DRJHN/CEL,106,115,14.3,108%
60,Computers,3AIR," $25,000.00 "," $1,344.09 ",APPLE,WHITE,COAPWH3AI,111,114,8.55,103%
61,Computers,M2AIR," $27,000.00 "," $1,451.61 ",APPLE,WHITE,COAPWHM2A,91,87,0,96%
62,Computers,PROMAC," $30,000.00 "," $1,612.90 ",APPLE,WHITE,COAPWHPRO,131,24,0,18%
63,Computers,2AIR," $28,000.00 "," $1,505.38 ",APPLE,WHITE,COAPWH2AI,243,6,0,2%
64,Computers,LIGZ," $16,000.00 ", $860.22 ,LEONOVO,PINK,COLEPILIG,153,68,0,44%
65,Computers,THINKPAD," $21,000.00 "," $1,129.03 ",LEONOVO,BLUE,COLEBLTHI,229,129,0,56%
66,Computers,TUFX506," $6,500.00 ", $349.46 ,ASUS,GREY,COASGRTUF,100,184,89,184%
67,Computers,SENDBOOK," $13,000.00 ", $698.92 ,ASUS,BLUE,COASBLSEN,150,193,50.5,129%
68,Computers,FLYBOOK," $14,500.00 ", $779.57 ,ASUS,PINK,COASPIFLY,221,146,0,66%
69,Computers,E4010," $15,000.00 ", $806.45 ,ASUS,RED,COASREE40,150,174,31.5,116%
70,Computers,VIVOBOOK," $16,000.00 ", $860.22 ,ASUS,BLACK,COASBLVIV,120,157,43,131%
71,Computers,8SURFACE," $42,000.00 "," $2,258.06 ",MICROSOFT,WHITE,COMIWH8SU,92,58,0,63%
72,Computers,PROSURFACE," $61,000.00 "," $3,279.57 ",MICROSOFT,WHITE,COMIWHPRO,227,25,0,11%
73,Computers,XSURFACE," $30,000.00 "," $1,612.90 ",MICROSOFT,BLACK,COMIBLXSU,164,104,0,63%
74,Computers,THINSURFACE," $21,000.00 "," $1,129.03 ",MICROSOFT,GREY,COMIGRTHI,250,190,0,76%
75,Computers,STUDIOSURFACE," $25,000.00 "," $1,344.09 ",MICROSOFT,GREY,COMIGRSTU,97,190,97.85,196%
76,Computers,DYNABOOK," $13,000.00 ", $698.92 ,TOSHIBA,BLACK,COTOBLDYN,110,74,0,67%
77,Computers,SATELLITE," $7,000.00 ", $376.34 ,TOSHIBA,BLACK,COTOBLSAT,93,128,39.65,138%
78,Computers,TECRABOOK," $12,000.00 ", $645.16 ,TOSHIBA,BLACK,COTOBLTEC,206,113,0,55%
79,Computers,MG09A," $19,988.00 "," $1,074.62 ",TOSHIBA,BLACK,COTOBLMG0,199,42,0,21%
80,Computers,PORTEGE," $15,000.00 ", $806.45 ,TOSHIBA,BLACK,COTOBLPOR,91,126,39.55,138%
81,Computers,HW10," $30,000.00 "," $1,612.90 ",HUAWEI,GREY,COHUGRHW1,91,72,0,79%
82,Computers,HW11," $27,000.00 "," $1,451.61 ",HUAWEI,BLACK,COHUBLHW1,172,159,0,92%
83,Computers,ALIENWARE," $45,000.00 "," $2,419.35 ",DELL,BLACK,CODEBLALI,192,153,0,80%
84,Computers,INSPIRON," $25,000.00 "," $1,344.09 ",DELL,GREY,CODEGRINS,121,166,51.05,137%
85,Computers,ALLINONE," $27,000.00 "," $1,451.61 ",DELL,GREY,CODEGRALL,219,193,0,88%
86,Computers,LATITUDE," $22,000.00 "," $1,182.80 ",DELL,GREY,CODEGRLAT,146,198,59.3,136%
87,Computers,GAMER," $45,000.00 "," $2,419.35 ",DELL,BLACK,CODEBLGAM,221,111,0,50%
88,Computers,XPS," $27,000.00 "," $1,451.61 ",DELL,BLACK,CODEBLXPS,200,126,0,63%
89,Computers,PCDELL," $20,000.00 "," $1,075.27 ",DELL,BLACK,CODEBLPCD,111,185,79.55,167%
90,Cloths,JEAN," $3,000.00 ", $161.29 ,STUDIOF,BLUE,CLSTBLJEA,163,139,0,85%
91,Cloths,SKINJEAN," $3,200.00 ", $172.04 ,STUDIOF,NAVY BLUE,CLSTNASKI,63,53,0,84%
92,Cloths,SHIRT," $1,000.00 ", $53.76 ,STUDIOF,RED,CLSTRESHI,73,69,0,95%
93,Cloths,DRESS," $2,000.00 ", $107.53 ,STUDIOF,GREEN,CLSTGRDRE,155,83,0,54%
94,Cloths,T-SHIRT," $1,500.00 ", $80.65 ,CALVIN KLEIN,WHITE,CLCAWHT-S,57,65,10.85,114%
95,Cloths,JEAN," $1,200.00 ", $64.52 ,CALVIN KLEIN,BLACK,CLCABLJEA,112,170,63.6,152%
96,Cloths,SHIRT," $1,200.00 ", $64.52 ,CALVIN KLEIN,BLACK,CLCABLSHI,51,185,136.55,363%
97,Cloths,COAT," $2,000.00 ", $107.53 ,CALVIN KLEIN,NAVY BLUE,CLCANACOA,146,73,0,50%
98,Cloths,COAT," $2,500.00 ", $134.41 ,TOMMY HILFIGER,BLUE,CLTOBLCOA,54,23,0,43%
99,Cloths,JEAN," $2,600.00 ", $139.78 ,TOMMY HILFIGER,BLUE,CLTOBLJEA,161,154,0,96%
100,Cloths,SHIRT, $800.00 , $43.01 ,TOMMY HILFIGER,RED,CLTORESHI,200,117,0,59%
101,Cloths,T-SHIRT," $1,100.00 ", $59.14 ,TOMMY HILFIGER,BLUE,CLTOBLT-S,156,171,22.8,110%
102,Cloths,SHIRT, $300.00 , $16.13 ,ZARA,RED,CLZARESHI,200,29,0,15%
103,Cloths,T-SHIRT," $1,000.00 ", $53.76 ,ZARA,RED,CLZARET-S,233,101,0,43%
104,Cloths,JEAN," $1,200.00 ", $64.52 ,ZARA,SMOKE,CLZASMJEA,126,120,0,95%
105,Cloths,COAT," $2,100.00 ", $112.90 ,ZARA,BLUE,CLZABLCOA,223,161,0,72%
106,Cloths,T-SHIRT, $500.00 , $26.88 ,H&M,GREEN,CLH&GRT-S,96,114,22.8,119%
107,Cloths,SHIRT, $200.00 , $10.75 ,H&M,BLUE,CLH&BLSHI,172,73,0,42%
108,Cloths,DRESS, $300.00 , $16.13 ,H&M,YELLOW,CLH&YEDRE,199,63,0,32%
109,Cloths,JEAN, $500.00 , $26.88 ,H&M,BLUE,CLH&BLJEA,157,151,0,96%
110,Cloths,COAT, $900.00 , $48.39 ,H&M,BLACK,CLH&BLCOA,56,135,81.8,241%
111,Cloths,T-SHIRT," $3,000.00 ", $161.29 ,RALPH LAUREN,GREEN,CLRAGRT-S,107,190,88.35,178%
112,Cloths,SHIRT," $2,000.00 ", $107.53 ,RALPH LAUREN,RED,CLRARESHI,154,173,26.7,112%
113,Cloths,JEAN," $1,800.00 ", $96.77 ,RALPH LAUREN,GREEN,CLRAGRJEA,164,60,0,37%
114,Cloths,BOXER, $500.00 , $26.88 ,RALPH LAUREN,GREEN,CLRAGRBOX,82,106,28.1,129%
115,Cloths,COAT," $2,000.00 ", $107.53 ,RALPH LAUREN,BLUE,CLRABLCOA,196,94,0,48%
116,Cloths,T-SHIRT," $1,500.00 ", $80.65 ,BANANA REPUBLIC,YELLOW,CLBAYET-S,213,190,0,89%
117,Cloths,SHIRT," $1,200.00 ", $64.52 ,BANANA REPUBLIC,YELLOW,CLBAYESHI,56,34,0,61%
118,Cloths,COAT," $1,200.00 ", $64.52 ,BANANA REPUBLIC,PINK,CLBAPICOA,177,74,0,42%
119,Cloths,JEAN," $2,000.00 ", $107.53 ,BANANA REPUBLIC,BLUE,CLBABLJEA,90,34,0,38%
120,Gamming,XSERIES," $14,999.00 ", $806.40 ,MICROSOFT,BLACK,GAMIBLXSE,208,132,0,63%
121,Gamming,SSERIES," $5,999.00 ", $322.53 ,MICROSOFT,WHITE,GAMIWHSSE,69,176,110.45,255%
122,Gamming,HEADSET," $1,200.00 ", $64.52 ,MICROSOFT,BLACK,GAMIBLHEA,55,72,19.75,131%
123,Gamming,CONTROLLER," $1,200.00 ", $64.52 ,MICROSOFT,GRAY,GAMIGRCON,146,52,0,36%
124,Gamming,CONTROLLER," $1,200.00 ", $64.52 ,MICROSOFT,WHITE,GAMIWHCON,87,183,100.35,210%
125,Gamming,CONTROLLER," $1,200.00 ", $64.52 ,MICROSOFT,BLUE,GAMIBLCON,108,146,43.4,135%
126,Gamming,SCONTROLLER," $1,500.00 ", $80.65 ,MICROSOFT,GREEN,GAMIGRSCO,136,196,66.8,144%
127,Gamming,SHEADSET," $1,499.00 ", $80.59 ,MICROSOFT,BLACK,GAMIBLSHE,137,100,0,73%
128,Gamming,FIFA23," $1,299.00 ", $69.84 ,MICROSOFT,N/A,GAMIN/FIF,70,79,12.5,113%
129,Gamming,MK11, $999.00 , $53.71 ,MICROSOFT,N/A,GAMIN/MK1,193,76,0,39%
130,Gamming,HEADSET," $1,200.00 ", $64.52 ,SONY,WHITE,GASOWHHEA,249,91,0,37%
131,Gamming,CONTROLLER," $1,200.00 ", $64.52 ,SONY,WHITE,GASOWHCON,245,69,0,28%
132,Gamming,CONTROLLER," $1,200.00 ", $64.52 ,SONY,BLUE,GASOBLCON,176,191,23.8,109%
133,Gamming,CONTROLLER," $1,200.00 ", $64.52 ,SONY,PINK,GASOPICON,60,93,36,155%
134,Gamming,SCONTROLLER," $1,500.00 ", $80.65 ,SONY,RED,GASORESCO,151,80,0,53%
135,Gamming,SHEADSET," $1,499.00 ", $80.59 ,SONY,BLACK,GASOBLSHE,173,134,0,77%
136,Gamming,FIFA23," $1,299.00 ", $69.84 ,SONY,N/A,GASON/FIF,206,134,0,65%
137,Gamming,MK11, $999.00 , $53.71 ,SONY,N/A,GASON/MK1,78,135,60.9,173%
138,Gamming,PS5," $14,999.00 ", $806.40 ,SONY,WHITE,GASOWHPS5,203,65,0,32%
139,Gamming,PS4," $3,999.00 ", $215.00 ,SONY,BLACK,GASOBLPS4,115,142,32.75,123%
140,Gamming,HEADSET," $1,200.00 ", $64.52 ,NINTENDO,RED,GANIREHEA,123,34,0,28%
141,Gamming,CONTROLLER, $999.00 , $53.71 ,NINTENDO,RED,GANIRECON,123,96,0,78%
142,Gamming,CONTROLLER, $999.00 , $53.71 ,NINTENDO,BLUE,GANIBLCON,212,75,0,35%
143,Gamming,CONTROLLER, $999.00 , $53.71 ,NINTENDO,WHITE,GANIWHCON,66,52,0,79%
144,Gamming,SCONTROLLER," $1,199.00 ", $64.46 ,NINTENDO,BLACK,GANIBLSCO,201,71,0,35%
145,Gamming,SHEADSET," $1,499.00 ", $80.59 ,NINTENDO,RED,GANIRESHE,107,191,89.35,179%
146,Gamming,FIFA23," $1,299.00 ", $69.84 ,NINTENDO,N/A,GANIN/FIF,154,166,19.7,108%
147,Gamming,MK11, $999.00 , $53.71 ,NINTENDO,N/A,GANIN/MK1,73,76,6.65,104%
148,Gamming,SWITCH," $11,999.00 ", $645.11 ,NINTENDO,WHITE,GANIWHSWI,73,123,53.65,168%
149,Gamming,DSNINTENDO," $9,999.00 ", $537.58 ,NINTENDO,RED,GANIREDSN,124,81,0,65%
153,Kitchen,AIR FRYER," $4,000.00 ", $215.05 ,OSTER,RED,KIOSREAIR,144,16,0,11%
159,Kitchen,BLENDER," $1,500.00 ", $80.65 ,OSTER,BLACK,KIOSBLBLE,129,3,0,2%
160,Kitchen,BLENDER," $2,000.00 ", $107.53 ,BLACK & DECKER,BLACK,KIBLBLBLE,110,187,82.5,170%
161,Kitchen,COFFEE MAKER," $4,000.00 ", $215.05 ,BLACK & DECKER,BLACK,KIBLBLCOF,134,119,0,89%
156,Kitchen,DISHWASHER," $4,500.00 ", $241.94 ,MABE,WHITE,KIMAWHDIS,94,44,0,47%
169,Kitchen,DISHWASHER," $6,000.00 ", $322.58 ,ACROS,GREY,KIACGRDIS,63,90,30.15,143%
172,Kitchen,DISHWASHER," $5,050.00 ", $271.51 ,WHIRPOOL,WHITE,KIWHWHDIS,157,126,0,80%
179,Kitchen,DISHWASHER," $12,000.00 ", $645.16 ,GENERAL ELECTRIC,WHITE,KIGEWHDIS,195,28,0,14%
154,Kitchen,ELECTRIC OVEN," $4,900.00 ", $263.44 ,OSTER,GREY,KIOSGRELE,105,162,62.25,154%
167,Kitchen,ELECTRIC OVEN," $3,000.00 ", $161.29 ,ACROS,GREY,KIACGRELE,106,120,19.3,113%
173,Kitchen,ELECTRIC OVEN," $5,000.00 ", $268.82 ,WHIRPOOL,GREY,KIWHGRELE,154,172,25.7,112%
177,Kitchen,ELECTRIC OVEN," $4,900.00 ", $263.44 ,GENERAL ELECTRIC,WHITE,KIGEWHELE,195,176,0,90%
155,Kitchen,FRIDGE," $20,000.00 "," $1,075.27 ",MABE,WHITE,KIMAWHFRI,150,89,0,59%
165,Kitchen,FRIDGE," $15,000.00 ", $806.45 ,ACROS,GREY,KIACGRFRI,126,181,61.3,144%
170,Kitchen,FRIDGE," $14,000.00 ", $752.69 ,WHIRPOOL,GREY,KIWHGRFRI,98,19,0,19%
178,Kitchen,FRIDGE," $13,000.00 ", $698.92 ,GENERAL ELECTRIC,GREY,KIGEGRFRI,57,12,0,21%
150,Kitchen,MICROWAVE OVEN," $1,600.00 ", $86.02 ,OSTER,BLACK,KIOSBLMIC,213,49,0,23%
157,Kitchen,MICROWAVE OVEN," $2,500.00 ", $134.41 ,MABE,WHITE,KIMAWHMIC,196,78,0,40%
168,Kitchen,MICROWAVE OVEN," $3,000.00 ", $161.29 ,ACROS,GREY,KIACGRMIC,97,53,0,55%
174,Kitchen,MICROWAVE OVEN," $5,000.00 ", $268.82 ,WHIRPOOL,GREY,KIWHGRMIC,210,100,0,48%
176,Kitchen,MICROWAVE OVEN," $18,400.00 ", $989.25 ,GENERAL ELECTRIC,WHITE,KIGEWHMIC,165,197,40.25,119%
164,Kitchen,MIXER," $3,000.00 ", $161.29 ,BLACK & DECKER,BLACK,KIBLBLMIX,156,59,0,38%
163,Kitchen,RICE COOKER," $2,500.00 ", $134.41 ,BLACK & DECKER,BLACK,KIBLBLRIC,87,103,20.35,118%
151,Kitchen,ROASTER," $1,500.00 ", $80.65 ,OSTER,BLACK,KIOSBLROA,211,175,0,83%
162,Kitchen,ROASTER," $1,000.00 ", $53.76 ,BLACK & DECKER,BLACK,KIBLBLROA,92,148,60.6,161%
152,Kitchen,STOVE," $6,500.00 ", $349.46 ,OSTER,GREY,KIOSGRSTO,83,170,91.15,205%
158,Kitchen,STOVE," $7,000.00 ", $376.34 ,MABE,WHITE,KIMAWHSTO,72,114,45.6,158%
166,Kitchen,STOVE," $12,000.00 ", $645.16 ,ACROS,GREY,KIACGRSTO,152,162,17.6,107%
171,Kitchen,STOVE," $14,900.00 ", $801.08 ,WHIRPOOL,GREY,KIWHGRSTO,50,62,14.5,124%
175,Kitchen,STOVE," $15,000.00 ", $806.45 ,GENERAL ELECTRIC,WHITE,KIGEWHSTO,72,130,61.6,181%
180,Drinks,ROSALIA, $21.00 , $1.13 ,COCACOLA COMPANY,N/A,DRCON/ROS,81,34,0,42%
181,Drinks,LIGHT, $21.00 , $1.13 ,COCACOLA COMPANY,N/A,DRCON/LIG,229,136,0,59%
182,Drinks,ZERO, $22.00 , $1.18 ,COCACOLA COMPANY,N/A,DRCON/ZER,166,192,34.3,116%
183,Drinks,ORIGINAL, $20.00 , $1.08 ,COCACOLA COMPANY,N/A,DRCON/ORI,155,4,0,3%
184,Drinks,MILK, $30.00 , $1.61 ,COCACOLA COMPANY,N/A,DRCON/MIL,199,10,0,5%
185,Drinks,LMILK, $35.00 , $1.88 ,COCACOLA COMPANY,N/A,DRCON/LMI,157,112,0,71%
186,Drinks,DLMILK, $34.00 , $1.83 ,COCACOLA COMPANY,N/A,DRCON/DLM,51,102,53.55,200%
187,Drinks,FMILK, $35.00 , $1.88 ,COCACOLA COMPANY,N/A,DRCON/FMI,182,101,0,55%
188,Drinks,MINERAL WATER, $23.00 , $1.24 ,COCACOLA COMPANY,N/A,DRCON/MIN,220,193,0,88%
189,Drinks,CIEL WATER, $49.00 , $2.63 ,COCACOLA COMPANY,N/A,DRCON/CIE,108,87,0,81%
190,Drinks,400ML, $32.00 , $1.72 ,PERRIER,N/A,DRPEN/400,246,3,0,1%
191,Drinks,750ML, $45.00 , $2.42 ,PERRIER,N/A,DRPEN/750,94,78,0,83%
192,Drinks,LIGHT, $19.00 , $1.02 ,PEPSI,N/A,DRPEN/LIG,167,171,12.35,102%
193,Drinks,ORIGINAL, $18.00 , $0.97 ,PEPSI,N/A,DRPEN/ORI,170,16,0,9%
194,Drinks,FANTA, $18.00 , $0.97 ,PEPSI,N/A,DRPEN/FAN,203,151,0,74%
195,Drinks,7UP, $18.00 , $0.97 ,PEPSI,N/A,DRPEN/7UP,95,165,74.75,174%
196,Drinks,CORONA, $22.00 , $1.18 ,MOCTEZUMA,N/A,DRMON/COR,195,87,0,45%
197,Drinks,STELLA, $35.00 , $1.88 ,MOCTEZUMA,N/A,DRMON/STE,249,172,0,69%
198,Drinks,VICTORIA, $30.00 , $1.61 ,MOCTEZUMA,N/A,DRMON/VIC,79,115,39.95,146%
199,Drinks,MODELO, $31.00 , $1.67 ,MOCTEZUMA,N/A,DRMON/MOD,157,85,0,54%
200,Drinks,1LORANGE, $30.00 , $1.61 ,DEL VALLE,N/A,DRDEN/1LO,144,68,0,47%
201,Drinks,1LPINEAPPLE, $30.00 , $1.61 ,DEL VALLE,N/A,DRDEN/1LP,61,42,0,69%
202,Drinks,1LAPPLE, $30.00 , $1.61 ,DEL VALLE,N/A,DRDEN/1LA,238,13,0,5%
203,Drinks,1LYAPPLE, $30.00 , $1.61 ,DEL VALLE,N/A,DRDEN/1LY,200,31,0,16%
204,Drinks,1LGRAPE, $30.00 , $1.61 ,DEL VALLE,N/A,DRDEN/1LG,170,91,0,54%
205,Drinks,1LORANGE, $33.00 , $1.77 ,JUMEX,N/A,DRJUN/1LO,66,21,0,32%
206,Drinks,1LPINEAPPLE, $33.00 , $1.77 ,JUMEX,N/A,DRJUN/1LP,71,28,0,39%
207,Drinks,1LAPPLE, $33.00 , $1.77 ,JUMEX,N/A,DRJUN/1LA,208,103,0,50%
208,Drinks,1LYAPPLE, $33.00 , $1.77 ,JUMEX,N/A,DRJUN/1LY,122,164,48.1,134%
209,Drinks,1LGRAPE, $33.00 , $1.77 ,JUMEX,N/A,DRJUN/1LG,203,61,0,30%
210,Food,12EGGS, $44.00 , $2.37 ,BACHOCO,N/A,FOBAN/12E,61,146,88.05,239%
211,Food,30EGGS, $93.00 , $5.00 ,BACHOCO,N/A,FOBAN/30E,161,85,0,53%
212,Food,12REGGS, $18.00 , $0.97 ,BACHOCO,N/A,FOBAN/12R,234,171,0,73%
213,Food,12EGGS, $35.00 , $1.88 ,SAN JUAN,N/A,FOSAN/12E,61,155,97.05,254%
214,Food,30EGGS, $75.00 , $4.03 ,SAN JUAN,N/A,FOSAN/30E,101,127,31.05,126%
215,Food,12REGGS, $38.00 , $2.04 ,SAN JUAN,N/A,FOSAN/12R,66,79,16.3,120%
216,Food,30REGGS, $81.00 , $4.35 ,SAN JUAN,N/A,FOSAN/30R,160,44,0,28%
217,Food,30REGGS, $99.00 , $5.32 ,BACHOCO,N/A,FOBAN/30R,183,142,0,78%
218,Food,12COLCAP, $120.00 , $6.45 ,STARBUCKS,N/A,FOSTN/12C,165,127,0,77%
219,Food,12SPECAP, $150.00 , $8.06 ,STARBUCKS,N/A,FOSTN/12S,131,65,0,50%
220,Food,MATTEA, $300.00 , $16.13 ,STARBUCKS,N/A,FOSTN/MAT,177,174,0,98%
221,Food,CHOCOMILK, $100.00 , $5.38 ,NESTLE,N/A,FONEN/CHO,129,84,0,65%
222,Food,1LYOGURT, $30.00 , $1.61 ,NESTLE,N/A,FONEN/1LY,71,5,0,7%
223,Food,25YOGURT, $9.50 , $0.51 ,NESTLE,N/A,FONEN/25Y,57,18,0,32%
224,Food,SNESCAFE, $70.00 , $3.76 ,NESTLE,N/A,FONEN/SNE,90,32,0,36%
225,Food,GNESCAFE, $120.00 , $6.45 ,NESTLE,N/A,FONEN/GNE,202,138,0,68%
226,Food,LECHERA, $35.00 , $1.88 ,NESTLE,N/A,FONEN/LEC,92,78,0,85%
227,Food,SNIDO, $35.00 , $1.88 ,NESTLE,N/A,FONEN/SNI,74,49,0,66%
228,Food,GNIDO, $250.00 , $13.44 ,NESTLE,N/A,FONEN/GNI,129,126,0,98%
229,Food,KELLOGS, $50.00 , $2.69 ,NESTLE,N/A,FONEN/KEL,56,77,23.8,138%
230,Food,COLCOFFEE, $250.00 , $13.44 ,STARBUCKS,N/A,FOSTN/COL,163,104,0,64%
231,Food,CHICOFFEE, $300.00 , $16.13 ,STARBUCKS,N/A,FOSTN/CHI,220,79,0,36%
232,Food,KENCOFFEE, $270.00 , $14.52 ,STARBUCKS,N/A,FOSTN/KEN,208,43,0,21%
233,Food,AUSCOFFEE, $310.00 , $16.67 ,STARBUCKS,N/A,FOSTN/AUS,89,87,0,98%
234,Food,CORNFLAKES, $52.00 , $2.80 ,DANONE,N/A,FODAN/COR,130,166,42.5,128%
235,Food,1LYOGURT, $35.00 , $1.88 ,DANONE,N/A,FODAN/1LY,118,59,0,50%
236,Food,25YOGURT, $12.50 , $0.67 ,DANONE,N/A,FODAN/25Y,133,129,0,97%
237,Food,DANONINO, $12.00 , $0.65 ,DANONE,BLUE,FODABLDAN,209,144,0,69%
238,Food,DANETTE, $15.00 , $0.81 ,DANONE,N/A,FODAN/DAN,213,40,0,19%
239,Food,BONAFONT, $49.00 , $2.63 ,DANONE,N/A,FODAN/BON,189,42,0,22%
240,Food,1LBONAFONT, $15.00 , $0.81 ,DANONE,N/A,FODAN/1LB,180,19,0,11%
